node_id,node_type,x,y,elevation_m,flood_depth_m
0,road,80.2170576,13.0109201,13.0,0.0
1,road,80.2210838,13.012363,12.0,0.0
2,road,80.2253737,13.0154974,12.0,0.0
3,road,80.2396609,13.0311611,13.0,0.0
4,road,80.1994135,13.0017577,16.0,0.0
5,road,80.2004611,13.0021572,17.0,0.0
6,road,80.2103689,13.0351031,14.0,0.0
7,road,80.2566429,13.0380739,11.0,0.0
8,road,80.2470503,13.0394741,12.0,3.0
9,road,80.2497725,13.0287832,14.0,0.0
10,road,80.2571665,13.0388392,9.0,0.0
11,road,80.2513739,13.0387852,12.0,0.0
12,road,80.254416,13.0350631,14.0,1.0
13,road,80.2556236,13.0366765,14.0,0.0
14,road,80.2117575,13.0318885,14.0,2.0
15,road,80.2286092,13.0091943,11.0,0.0
16,road,80.2513358,12.9877944,8.0,0.0
17,road,80.2473989,13.0067719,12.0,0.0
18,road,80.2589687,13.0082519,8.0,3.0
19,road,80.2646004,13.0397999,10.0,0.0
20,road,80.2643714,13.0375787,13.0,0.0
21,road,80.2680955,13.0366629,9.0,0.0
22,road,80.2615779,13.0190482,7.0,0.0
23,road,80.2626659,13.0202745,8.0,0.0
24,road,80.2659605,13.0262774,7.0,0.0
25,road,80.2598607,13.0453213,10.0,0.0
26,road,80.2616175,13.0482192,9.0,0.0
27,road,80.2541257,13.0271621,12.0,0.0
28,road,80.2565744,13.0270995,13.0,0.0
29,road,80.2633621,13.0266051,10.0,0.0
30,road,80.2640795,13.029395,6.0,0.0
31,road,80.2213325,12.9760873,6.0,0.0
32,road,80.2330666,13.0474161,14.0,4.0
33,road,80.2457626,13.0295538,12.0,0.0
34,road,80.2630135,13.0202472,8.0,0.0
35,road,80.2627808,13.0189281,7.0,0.0
36,road,80.2526097,12.9798977,5.0,0.0
37,road,80.2304109,13.0350262,12.0,0.0
38,road,80.2307615,13.030776,8.0,0.0
39,road,80.2313679,13.0260918,12.0,0.0
40,road,80.2371528,13.0341938,15.0,0.0
41,road,80.2499002,13.0498371,16.0,2.0
42,road,80.2570117,13.035403,11.0,0.0
43,road,80.2567953,13.038053,14.0,0.0
44,road,80.2572037,13.0386236,9.0,0.0
45,road,80.2577323,13.0387094,9.0,0.0
46,road,80.2575875,13.038823,9.0,0.0
47,road,80.2574399,13.0389562,9.0,0.0
48,road,80.2591169,13.0387272,11.0,0.0
49,road,80.25907,13.0384952,11.0,0.0
50,road,80.2103263,13.0085663,10.0,0.0
51,road,80.2110096,13.009488,12.0,0.0
52,road,80.2128717,13.0118396,10.0,0.0
53,road,80.2163283,13.0104614,13.0,0.0
55,road,80.2564883,13.0289174,12.0,0.0
56,road,80.2539777,13.0291172,13.0,0.0
57,road,80.2501638,13.0293291,13.0,0.0
58,road,80.2375933,13.0343838,16.0,0.0
59,road,80.238891,13.0323428,9.0,0.0
60,road,80.2274518,13.0304771,9.0,0.0
62,road,80.2574993,13.0067416,11.0,2.0
63,road,80.2577905,13.0067676,11.0,2.0
64,road,80.2592592,13.0079965,8.0,5.0
65,road,80.2594277,13.007651,8.0,5.0
66,road,80.2591237,13.0073191,10.0,4.0
67,road,80.2577917,13.0066539,12.0,2.0
68,road,80.2575913,13.0063909,12.0,5.0
69,road,80.258616,13.0075262,8.0,2.0
70,road,80.2597313,13.0073297,8.0,4.0
71,road,80.2574878,13.0065529,10.0,2.0
72,road,80.256884,13.0333235,12.0,0.0
73,road,80.2637034,13.0331407,11.0,0.0
74,road,80.2621661,13.0331354,12.0,0.0
75,road,80.2640871,13.0334434,13.0,0.0
76,road,80.2677514,13.0360459,9.0,0.0
77,road,80.2639776,13.037609,12.0,0.0
78,road,80.2535574,13.0351525,12.0,2.0
79,road,80.2240573,13.02859,8.0,0.0
80,road,80.2240458,13.0288916,8.0,0.0
81,road,80.2422806,13.0462446,12.0,1.0
82,road,80.2306639,12.9817389,8.0,0.0
84,road,80.2260049,13.0150158,11.0,0.0
85,road,80.2215754,13.0120189,12.0,0.0
86,road,80.2210646,13.0121486,12.0,0.0
87,road,80.2149099,13.0101861,15.0,0.0
88,road,80.2153943,13.0107529,16.0,0.0
89,road,80.2057657,13.0076834,12.0,0.0
90,road,80.2032283,13.0065816,14.0,0.0
91,road,80.2037145,13.007102,15.0,0.0
92,road,80.2038377,13.008284,15.0,0.0
93,road,80.2036735,13.0081079,15.0,0.0
94,road,80.2020426,13.0073801,18.0,0.0
95,road,80.2026131,13.0085874,12.0,0.0
96,road,80.204415,13.0077567,13.0,0.0
97,road,80.204086,13.0075262,15.0,0.0
98,road,80.1959435,13.0106444,18.0,0.0
100,road,80.2056033,13.0426093,14.0,3.0
101,road,80.2044229,13.0358933,16.0,0.0
102,road,80.2122341,13.0373172,15.0,0.0
103,road,80.2593081,12.9966031,11.0,0.0
104,road,80.2688769,13.0035774,9.0,0.0
105,road,80.2570846,13.0044401,10.0,0.0
106,road,80.2546692,12.9827366,6.0,0.0
107,road,80.2548769,12.9835678,5.0,0.0
108,road,80.2428614,13.0067102,12.0,0.0
109,road,80.268773,13.0475239,11.0,5.0
110,road,80.2402396,13.0067757,11.0,0.0
111,road,80.24615,13.0066442,11.0,0.0
112,road,80.2427147,13.0066507,14.0,0.0
113,road,80.2380038,13.0073267,12.0,0.0
114,road,80.2330185,13.0266853,11.0,0.0
116,road,80.2249482,13.0421956,13.0,0.0
117,road,80.2122478,13.0442799,14.0,3.0
118,road,80.2220416,13.0429082,13.0,0.0
119,road,80.2181081,13.0433032,13.0,0.0
120,road,80.2174054,13.0437362,12.0,0.0
121,road,80.2192443,13.0481766,13.0,2.0
122,road,80.2159372,13.0415669,13.0,0.0
123,road,80.2158956,13.0313339,14.0,3.0
124,road,80.2184778,13.0323045,11.0,0.0
125,road,80.2200554,13.0322087,10.0,0.0
126,road,80.2162822,13.0362179,14.0,0.0
127,road,80.2041198,13.0359372,14.0,0.0
129,road,80.1933757,13.0145011,14.0,0.0
130,road,80.1962382,13.0142579,15.0,0.0
131,road,80.1993888,13.0150197,17.0,0.0
132,road,80.2006619,12.9975496,15.0,0.0
133,road,80.2005058,13.0015169,17.0,0.0
135,road,80.2118701,13.049848,14.0,5.0
136,road,80.2098505,13.0338398,13.0,0.0
138,road,80.2598873,13.0455275,10.0,0.0
139,road,80.262394,13.0448596,13.0,0.0
140,road,80.2455965,13.0346817,13.0,1.0
141,road,80.2462047,13.0355603,10.0,1.0
142,road,80.2399589,13.03109,13.0,0.0
143,road,80.2330731,13.0264963,13.0,0.0
144,road,80.2014186,13.0049681,15.0,0.0
145,road,80.2031043,13.0074079,17.0,0.0
146,road,80.2383232,13.0440995,14.0,2.0
147,road,80.2401677,13.0451626,12.0,2.0
148,road,80.2403338,13.0450146,12.0,5.0
149,road,80.2039554,13.0127638,12.0,0.0
150,road,80.2043711,13.0136586,12.0,0.0
151,road,80.2040544,13.0127185,12.0,0.0
152,road,80.2097334,13.0322179,12.0,1.0
153,road,80.2118246,13.0321295,14.0,2.0
154,road,80.2099925,13.0347201,15.0,0.0
155,road,80.2118803,13.0348314,13.0,0.0
156,road,80.2355623,13.037729,12.0,0.0
158,road,80.2472648,13.0067702,12.0,0.0
159,road,80.24736,13.0053355,9.0,0.0
160,road,80.2514435,12.9878116,8.0,0.0
161,road,80.2617081,13.0187731,7.0,0.0
162,road,80.2629394,13.0189973,7.0,0.0
163,road,80.2629344,13.018911,7.0,0.0
164,road,80.2559662,12.9977453,8.0,0.0
165,road,80.2514186,12.9879188,8.0,0.0
166,road,80.2576927,12.984174,9.0,0.0
167,road,80.2594369,12.9839318,9.0,0.0
168,road,80.2472685,13.0066419,11.0,0.0
169,road,80.2561902,12.9993093,10.0,0.0
170,road,80.2124402,13.0373232,15.0,0.0
171,road,80.2124378,13.0419074,15.0,2.0
172,road,80.2124429,13.0443017,14.0,3.0
173,road,80.2526657,12.9827397,3.0,0.0
174,road,80.2596265,12.9872327,10.0,0.0
175,road,80.2188214,12.9704804,2.0,0.0
176,road,80.2188898,12.9705875,2.0,0.0
178,road,80.2214036,12.9759943,6.0,0.0
179,road,80.2342304,12.9812879,7.0,0.0
180,road,80.2342088,12.9811862,7.0,0.0
181,road,80.2432785,12.9813924,4.0,0.0
183,road,80.252609,12.9799864,5.0,0.0
184,road,80.2232552,13.0114027,13.0,0.0
187,road,80.2573172,13.0387877,9.0,0.0
188,road,80.2573777,13.0388619,9.0,0.0
189,road,80.2044359,13.036008,16.0,0.0
190,road,80.2041356,13.0360515,14.0,0.0
191,road,80.2643051,13.0376204,13.0,0.0
192,road,80.2643872,13.0376663,13.0,0.0
193,road,80.2663052,13.0371226,10.0,0.0
194,road,80.2660479,13.0266395,7.0,0.0
195,road,80.2652359,13.026383,7.0,0.0
196,road,80.2527726,12.9818778,5.0,0.0
197,road,80.2455746,13.0279719,12.0,0.0
205,road,80.2401197,13.0309119,11.0,0.0
206,road,80.2395029,13.0308227,15.0,0.0
207,road,80.2402402,13.0312166,11.0,0.0
208,road,80.2402861,13.030923,11.0,0.0
209,road,80.2456563,13.0296374,12.0,0.0
210,road,80.2059253,13.0075844,12.0,0.0
212,road,80.2527919,12.9813518,5.0,0.0
213,road,80.2526333,12.9804711,5.0,0.0
214,road,80.2522717,12.980078,9.0,0.0
215,road,80.2678436,13.0359791,9.0,0.0
216,road,80.2098967,12.9736228,0.0,0.0
217,road,80.2100797,12.9737895,2.0,0.0
218,road,80.2432792,12.9813011,4.0,0.0
219,road,80.2431927,12.9812978,4.0,0.0
220,road,80.2252635,12.9783717,7.0,0.0
221,road,80.2516363,12.9879526,8.0,0.0
222,road,80.2583616,13.0407049,9.0,0.0
223,road,80.259806,13.0453256,10.0,0.0
224,road,80.2623368,13.044974,13.0,0.0
225,road,80.2468293,13.0392158,12.0,2.0
226,road,80.2423009,13.0461746,12.0,1.0
227,road,80.2340311,13.0416264,15.0,3.0
228,road,80.2383224,13.0440559,14.0,4.0
229,road,80.2383913,13.043947,15.0,4.0
230,road,80.2406434,13.0444751,10.0,5.0
231,road,80.2404199,13.0448785,10.0,5.0
232,road,80.2401185,13.0448963,10.0,5.0
233,road,80.23999,13.0450661,16.0,2.0
234,road,80.240477,13.045115,12.0,2.0
235,road,80.2402258,13.0451951,12.0,2.0
236,road,80.2403799,13.045278,12.0,2.0
237,road,80.2400694,13.045324,12.0,2.0
238,road,80.2401427,13.0453311,12.0,2.0
239,road,80.2395849,13.0463443,12.0,3.0
240,road,80.2394311,13.0462809,12.0,3.0
241,road,80.2497806,13.0498573,16.0,2.0
242,road,80.2205551,13.032232,10.0,0.0
243,road,80.2278402,13.0103252,11.0,0.0
244,road,80.2440395,13.0398846,14.0,2.0
245,road,80.2393377,13.0354525,14.0,0.0
246,road,80.240283,13.0403606,11.0,2.0
247,road,80.2395203,13.0353119,14.0,0.0
250,road,80.238357,13.0439749,15.0,4.0
251,road,80.2359683,13.042662,14.0,5.0
252,road,80.1986432,12.991606,10.0,2.0
254,road,80.2183528,12.980154,4.0,0.0
255,road,80.2120106,13.0036069,16.0,0.0
256,road,80.2239779,13.0311818,12.0,0.0
257,road,80.2646986,13.0415277,9.0,0.0
258,road,80.2648372,13.041604,9.0,0.0
259,road,80.2569604,13.0348777,12.0,0.0
260,road,80.2681556,13.0409151,7.0,3.0
261,road,80.2390021,13.032369,9.0,0.0
262,road,80.2376925,13.0344493,16.0,0.0
263,road,80.234591,13.0391015,12.0,0.0
264,road,80.2399443,13.0403922,12.0,3.0
265,road,80.2405087,13.0403928,11.0,2.0
266,road,80.2338434,13.0405658,13.0,1.0
267,road,80.2340633,13.0418188,13.0,3.0
268,road,80.233671,13.040571,13.0,1.0
269,road,80.2319931,13.0410408,13.0,0.0
270,road,80.230261,13.0353196,12.0,0.0
271,road,80.2302385,13.0409311,14.0,0.0
272,road,80.2187689,12.9707573,2.0,0.0
273,road,80.2381057,13.0072634,12.0,0.0
274,road,80.2283395,13.0091482,15.0,0.0
275,road,80.2403241,13.0069116,11.0,0.0
276,road,80.240213,13.0069328,11.0,0.0
277,road,80.2664775,13.0290848,9.0,0.0
278,road,80.2663845,13.0292224,13.0,0.0
279,road,80.2477871,13.0292979,15.0,1.0
280,road,80.2678149,13.0429571,8.0,0.0
281,road,80.2664442,13.0462999,9.0,0.0
282,road,80.2663463,13.0465151,9.0,0.0
283,road,80.2664287,13.0465441,9.0,0.0
284,road,80.2663116,13.0468471,8.0,0.0
285,road,80.2661695,13.0477395,9.0,2.0
286,road,80.2660071,13.0480932,9.0,3.0
287,road,80.2649266,13.0489866,11.0,1.0
288,road,80.230653,13.0307619,8.0,0.0
289,road,80.2116525,13.0090089,12.0,0.0
290,road,80.2258148,13.0103276,14.0,0.0
291,road,80.2404968,13.0403078,11.0,2.0
292,road,80.2159063,13.0314435,14.0,3.0
293,road,80.2118715,13.0320237,14.0,2.0
294,road,80.2183776,13.0321626,11.0,0.0
295,road,80.2200363,13.0322807,10.0,0.0
296,road,80.2120523,13.0340394,13.0,0.0
298,road,80.2527501,12.9826471,3.0,0.0
299,road,80.2253225,13.0159173,8.0,0.0
300,road,80.2431798,12.9813808,4.0,0.0
301,road,80.2002239,13.0016635,17.0,0.0
302,road,80.2307039,12.9816725,8.0,0.0
303,road,80.2253209,12.9782589,8.0,0.0
304,road,80.2556474,12.9876088,11.0,0.0
305,road,80.2475265,13.0419844,12.0,2.0
306,road,80.2042207,13.0137092,12.0,0.0
307,road,80.2525787,12.9794593,5.0,0.0
308,road,80.2521698,12.9799944,7.0,0.0
309,road,80.2038422,13.0094243,11.0,0.0
310,road,80.2035073,13.0093775,11.0,0.0
311,road,80.2397529,13.0311984,13.0,0.0
312,road,80.2595336,12.984273,7.0,0.0
313,road,80.2594446,12.9842823,7.0,0.0
314,road,80.2498838,13.0289857,14.0,0.0
315,road,80.2214953,13.0124371,12.0,0.0
316,road,80.2212602,13.012364,12.0,0.0
317,road,80.224045,13.0145452,7.0,0.0
318,road,80.2472642,13.0051386,9.0,0.0
319,road,80.2498244,12.9942293,9.0,0.0
320,road,80.2285918,13.0242865,9.0,0.0
321,road,80.2284818,13.0244507,9.0,0.0
322,road,80.2067157,12.976276,1.0,0.0
323,road,80.2066346,12.9761665,3.0,0.0
326,road,80.2220148,13.0090503,14.0,0.0
327,road,80.221904,13.0091239,14.0,0.0
328,road,80.2498873,12.9861932,7.0,0.0
329,road,80.2091783,13.0351921,13.0,0.0
330,road,80.2091986,13.0352977,13.0,0.0
331,road,80.246357,13.0485432,12.0,3.0
332,road,80.2462767,13.0486304,12.0,3.0
333,road,80.2033927,12.9784366,4.0,0.0
334,road,80.2034662,12.9785453,4.0,0.0
336,road,80.2565019,13.0009168,10.0,0.0
337,road,80.2565789,13.0015953,10.0,0.0
338,road,80.2682268,13.0409067,7.0,3.0
339,road,80.23986,13.0310314,13.0,0.0
340,road,80.2428757,13.0066016,14.0,0.0
341,road,80.2473998,13.0066491,11.0,0.0
342,road,80.2476619,13.0066597,7.0,0.0
343,road,80.2468172,13.0391271,11.0,2.0
344,road,80.2004944,13.0018123,17.0,0.0
345,road,80.2158533,13.0416119,13.0,0.0
346,road,80.2173384,13.0437768,12.0,0.0
347,road,80.2187458,13.0467597,13.0,0.0
348,road,80.219162,13.0481887,13.0,2.0
349,road,80.2122385,13.0374627,15.0,0.0
350,road,80.2124417,13.0374591,15.0,0.0
351,road,80.2518245,12.9778666,4.0,0.0
352,road,80.251317,12.9883249,8.0,0.0
356,road,80.2101176,12.9737176,2.0,0.0
357,road,80.2099693,12.973591,0.0,0.0
358,road,80.2395968,13.0461655,12.0,3.0
359,road,80.255758,12.9875915,11.0,0.0
360,road,80.2558611,12.9875765,7.0,0.0
362,road,80.1962569,13.0081968,24.0,0.0
363,road,80.2580865,12.9874074,11.0,0.0
364,road,80.1968708,13.0085593,23.0,0.0
365,road,80.2572202,13.0389122,9.0,0.0
366,road,80.2577211,13.0068228,11.0,2.0
367,road,80.2558837,12.9876844,7.0,0.0
368,road,80.2232656,13.0139131,14.0,0.0
369,road,80.2095566,13.0322513,12.0,0.0
370,road,80.2095772,13.0323652,12.0,0.0
371,road,80.2117894,13.0320337,14.0,2.0
372,road,80.2097601,13.0323294,12.0,0.0
373,road,80.2193279,12.9781365,5.0,0.0
374,road,80.2204894,12.97508,7.0,0.0
375,road,80.2207189,12.9754853,7.0,0.0
376,road,80.2250367,12.978234,8.0,0.0
377,road,80.2125864,13.0443599,13.0,3.0
378,road,80.2124429,13.0443933,14.0,3.0
379,road,80.212243,13.0443735,14.0,3.0
380,road,80.2043487,13.0359019,16.0,0.0
381,road,80.2055053,13.0426488,14.0,3.0
382,road,80.2043693,13.0360176,16.0,0.0
383,road,80.2438772,13.0398873,14.0,2.0
384,road,80.2440531,13.0399667,14.0,2.0
385,road,80.2438858,13.0399803,14.0,2.0
386,road,80.2116672,13.032048,14.0,2.0
387,road,80.211898,13.0331227,14.0,0.0
388,road,80.2042843,13.0134377,12.0,0.0
389,road,80.2098294,13.0131716,10.0,0.0
390,road,80.2096803,13.0131533,10.0,0.0
391,road,80.2097114,13.0131179,10.0,0.0
392,road,80.2521534,12.9850757,4.0,0.0
393,road,80.2522508,12.9850484,4.0,0.0
394,road,80.2679926,13.0021362,9.0,0.0
395,road,80.2670611,13.0006532,7.0,1.0
396,road,80.2670076,12.99952,8.0,0.0
397,road,80.2203135,12.9746827,9.0,0.0
398,road,80.2205119,12.9746256,9.0,0.0
399,road,80.2557785,12.9876994,11.0,0.0
400,road,80.2559174,12.9968581,9.0,1.0
401,road,80.255665,12.9968333,10.0,1.0
402,road,80.2558262,12.9967052,10.0,1.0
403,road,80.2026665,13.0057889,16.0,0.0
404,road,80.2028183,13.0059014,14.0,0.0
405,road,80.2024806,13.0063956,16.0,0.0
406,road,80.201362,13.0051569,18.0,0.0
407,road,80.2302236,13.0348538,10.0,0.0
408,road,80.2303642,13.0348613,10.0,0.0
409,road,80.2559017,12.9945522,9.0,0.0
410,road,80.2559699,12.9945587,9.0,0.0
411,road,80.2325732,13.0407959,13.0,0.0
412,road,80.2240221,13.0284845,8.0,0.0
413,road,80.2662884,13.0477262,9.0,2.0
414,road,80.2393229,13.0353622,14.0,0.0
415,road,80.2055776,13.0427009,14.0,3.0
416,road,80.2575961,13.0065905,12.0,2.0
417,road,80.2575987,13.0067779,11.0,2.0
418,road,80.2230235,13.0114955,13.0,0.0
419,road,80.2178218,12.9833561,6.0,0.0
420,road,80.2179426,12.9833477,6.0,0.0
421,road,80.2501241,12.9944672,7.0,0.0
422,road,80.237561,13.0344269,16.0,0.0
423,road,80.2376637,13.0344933,16.0,0.0
424,road,80.2576339,13.0458327,13.0,0.0
425,road,80.2575638,13.0456844,13.0,0.0
426,road,80.255548,12.9862428,8.0,0.0
427,road,80.209923,13.0496423,16.0,5.0
428,road,80.2099323,13.0495873,16.0,5.0
429,road,80.2473915,13.0063126,11.0,0.0
430,road,80.2474432,13.0052723,9.0,0.0
431,road,80.2403563,13.0448612,10.0,5.0
432,road,80.2402759,13.0449835,10.0,5.0
433,road,80.2589862,13.0456019,11.0,0.0
434,road,80.2589309,13.0454223,11.0,0.0
435,road,80.235676,13.0282831,10.0,0.0
436,road,80.2357827,13.0281596,10.0,0.0
437,road,80.2184784,13.0321991,11.0,0.0
438,road,80.2472514,13.0054365,9.0,0.0
441,road,80.2513095,12.9879,8.0,0.0
442,road,80.2497522,12.9945094,9.0,0.0
443,road,80.2496671,12.9944894,9.0,0.0
445,road,80.2598259,13.0455299,10.0,0.0
446,road,80.2598776,13.0455999,10.0,0.0
447,road,80.260572,13.0452085,11.0,0.0
448,road,80.2475229,13.0039987,6.0,0.0
449,road,80.2142983,13.0091399,13.0,0.0
450,road,80.2142321,13.0092102,15.0,0.0
451,road,80.2324932,13.0445272,12.0,4.0
452,road,80.231042,13.0279395,13.0,0.0
453,road,80.2464186,13.0375097,8.0,3.0
454,road,80.2466376,13.037483,10.0,3.0
455,road,80.2463947,13.0374148,10.0,3.0
456,road,80.2466166,13.0373571,10.0,3.0
457,road,80.2503056,12.9736865,4.0,0.0
458,road,80.2502395,12.9737064,4.0,0.0
459,road,80.2504278,12.9736532,4.0,0.0
460,road,80.2421107,13.0323214,10.0,0.0
461,road,80.2421828,13.032203,10.0,0.0
462,road,80.2557094,12.987381,8.0,0.0
463,road,80.2379909,13.0072353,12.0,0.0
464,road,80.2500622,12.9727504,4.0,0.0
465,road,80.2500152,12.9728586,4.0,0.0
466,road,80.2498159,13.0288622,14.0,0.0
468,road,80.2458298,13.0313881,10.0,0.0
469,road,80.2551166,13.0065443,12.0,1.0
470,road,80.2591859,13.0107556,9.0,0.0
471,road,80.225212,12.9784681,7.0,0.0
472,road,80.2194122,12.9719844,4.0,0.0
473,road,80.2061372,13.0077549,12.0,0.0
474,road,80.2473903,13.0419965,12.0,2.0
475,road,80.2502736,12.9738323,4.0,0.0
476,road,80.2503429,12.9738162,4.0,0.0
477,road,80.2504655,12.9737859,4.0,0.0
478,road,80.2344722,13.0390356,12.0,0.0
479,road,80.243182,12.9813089,4.0,0.0
480,road,80.2478527,13.0292315,15.0,0.0
481,road,80.2527349,12.9798118,5.0,0.0
482,road,80.2657686,13.0373727,11.0,0.0
483,road,80.2657435,13.0372568,11.0,0.0
484,road,80.2359395,13.0427568,14.0,5.0
485,road,80.2358215,13.0427123,16.0,5.0
486,road,80.2358564,13.0426295,14.0,5.0
487,road,80.2334299,13.0406083,13.0,1.0
488,road,80.2663994,13.046853,8.0,0.0
489,road,80.2674219,13.0369886,9.0,0.0
490,road,80.2676899,13.0378119,10.0,0.0
491,road,80.2481599,13.000907,7.0,0.0
492,road,80.248032,13.000875,7.0,0.0
493,road,80.2517749,12.9863668,4.0,0.0
494,road,80.2515884,12.9876488,8.0,0.0
495,road,80.2514698,12.9877203,8.0,0.0
496,road,80.2512668,12.988077,8.0,0.0
497,road,80.2507849,12.9749096,4.0,0.0
498,road,80.2506659,12.9749391,4.0,0.0
499,road,80.2606257,13.0453952,11.0,0.0
500,road,80.2040562,13.0479063,17.0,0.0
501,road,80.2039979,13.0480732,17.0,0.0
502,road,80.2537908,13.0272247,12.0,0.0
503,road,80.2668883,12.995765,10.0,0.0
504,road,80.2676908,12.995714,9.0,0.0
505,road,80.2574518,13.0064135,10.0,5.0
506,road,80.257597,13.0064597,12.0,5.0
507,road,80.251638,12.9877625,8.0,0.0
508,road,80.2516258,12.9878365,8.0,0.0
509,road,80.2299386,13.0252425,9.0,0.0
510,road,80.2298378,13.0253817,9.0,0.0
511,road,80.2518082,12.9779679,4.0,0.0
512,road,80.1972343,13.0019666,22.0,0.0
513,road,80.1972069,13.0021225,22.0,0.0
514,road,80.2569684,13.0341294,13.0,0.0
515,road,80.2087938,13.012871,10.0,0.0
516,road,80.2087833,13.0129273,10.0,0.0
517,road,80.2490148,13.0067933,8.0,0.0
518,road,80.249009,13.0068891,8.0,0.0
519,road,80.2105706,13.0497295,16.0,3.0
520,road,80.2105794,13.0496769,16.0,3.0
521,road,80.1925235,13.0150371,15.0,0.0
522,road,80.1924655,13.0149427,11.0,0.0
523,road,80.2183903,13.0322985,11.0,0.0
524,road,80.2516783,12.9774001,4.0,0.0
525,road,80.2515775,12.9773563,6.0,0.0
526,road,80.2432743,12.9812969,4.0,0.0
527,road,80.2677001,12.9960193,11.0,0.0
528,road,80.2676283,12.9957201,9.0,0.0
529,road,80.2676251,12.9956768,9.0,0.0
530,road,80.1934805,13.014613,14.0,0.0
531,road,80.2456456,13.0349265,13.0,1.0
532,road,80.2527321,12.9808426,5.0,0.0
533,road,80.2350554,13.0078112,16.0,0.0
534,road,80.2350698,13.0079169,16.0,0.0
535,road,80.2309328,13.0279232,13.0,0.0
536,road,80.2309804,13.0279946,13.0,0.0
537,road,80.2308905,13.0372806,14.0,0.0
538,road,80.2310753,13.0376351,14.0,0.0
539,road,80.2313548,13.0387827,14.0,0.0
540,road,80.2676277,13.0371908,9.0,0.0
541,road,80.2576776,13.0069162,11.0,2.0
542,road,80.2521962,12.98491,3.0,0.0
543,road,80.252095,12.9848875,3.0,0.0
544,road,80.2521471,12.9846855,3.0,0.0
545,road,80.2522465,12.984714,3.0,0.0
546,road,80.2447327,13.0067411,12.0,0.0
547,power,80.2556245,13.0002782,11.0,0.0
548,power,80.2485804,13.0064206,8.0,0.0
549,power,80.2422485,12.975704,7.0,0.0
550,power,80.2507804,12.9849411,5.0,0.0
551,power,80.225698,13.0342016,11.0,0.0
552,power,80.22067,12.979878,6.0,0.0
553,power,80.2440545,13.0315334,12.0,0.0
554,power,80.2390123,13.0184133,8.0,0.0
555,power,80.2119147,13.0118422,10.0,0.0
556,power,80.2549163,12.9827265,6.0,0.0
557,power,80.2396165,13.039335,12.0,2.0
558,hospital,80.2052158,13.0386493,15.0,0.0
559,hospital,80.2572467,13.0336624,13.0,0.0
560,hospital,80.1972947,13.0194622,10.0,0.0
563,hospital,80.239884,13.0061338,16.0,0.0
564,hospital,80.196428,13.0122733,15.0,0.0
565,hospital,80.1949734,13.009781,18.0,0.0
566,hospital,80.2440921,13.0293624,10.0,0.0
567,hospital,80.2070144,13.0483819,16.0,1.0
568,hospital,80.211027,13.0495316,14.0,5.0
569,hospital,80.2552541,13.0015307,10.0,0.0
570,hospital,80.2044922,12.9799192,5.0,0.0
571,hospital,80.2165845,13.0385656,12.0,0.0
572,hospital,80.2286587,12.9800456,8.0,0.0
573,hospital,80.2009134,12.9933638,11.0,0.0
575,hospital,80.2594702,13.0205681,7.0,0.0
576,hospital,80.2082964,12.9710287,2.0,0.0
577,hospital,80.2231706,13.024235,11.0,0.0
578,hospital,80.2573008,13.0381705,14.0,0.0
579,hospital,80.2298924,12.9862735,15.0,0.0
580,hospital,80.2230108,13.022387,14.0,0.0
581,hospital,80.2208806,13.0248543,11.0,0.0
582,hospital,80.2203784,13.0248243,13.0,0.0
583,hospital,80.2285827,13.041711,11.0,0.0
584,hospital,80.2223505,12.9767775,8.0,0.0
585,hospital,80.2201536,12.9745585,9.0,0.0
586,hospital,80.2526813,13.0327786,11.0,0.0
587,hospital,80.2247278,13.0313209,11.0,0.0
588,hospital,80.2395364,13.0135999,13.0,0.0
589,hospital,80.2083222,13.0497391,18.0,3.0
590,hospital,80.2293536,12.9856999,13.0,0.0
591,hospital,80.2217057,13.0298741,12.0,0.0
592,hospital,80.2228983,13.031147,10.0,0.0
593,hospital,80.2207913,13.0319539,10.0,0.0
594,hospital,80.2043658,12.9794,5.0,0.0
595,hospital,80.2474284,13.0291736,11.0,0.0
597,hospital,80.2085951,13.0289663,13.0,0.0
598,hospital,80.2457288,13.0464568,12.0,0.0
599,hospital,80.2451004,13.0337515,12.0,0.0
600,hospital,80.230346,13.0329888,10.0,0.0
601,hospital,80.2507134,13.0063976,11.0,4.0
602,hospital,80.2065495,13.0477799,14.0,0.0
603,hospital,80.2246302,12.9789449,9.0,0.0
604,hospital,80.2558082,13.0268492,13.0,0.0
605,hospital,80.2042052,13.0223545,12.0,0.0
606,hospital,80.206874,13.0074586,13.0,0.0
607,hospital,80.2355951,13.0440054,13.0,5.0
608,hospital,80.2278288,13.0240792,12.0,0.0
609,hospital,80.2311788,13.0485912,12.0,3.0
610,hospital,80.2187696,13.0433091,13.0,0.0
611,hospital,80.2430315,13.0425395,14.0,5.0
612,hospital,80.2665116,13.0422887,10.0,0.0
613,hospital,80.2639461,13.0224512,7.0,0.0
614,hospital,80.2189144,12.9855882,8.0,0.0
615,hospital,80.2596237,13.0213249,9.0,0.0
616,hospital,80.235353,13.0282655,10.0,0.0
617,hospital,80.2044077,13.0057455,13.0,0.0
618,hospital,80.2681853,13.028161,10.0,0.0
619,hospital,80.2586031,12.9959072,11.0,0.0
620,hospital,80.2207484,12.9815305,9.0,0.0
621,hospital,80.2162984,13.0379757,13.0,0.0
622,hospital,80.2576214,13.0490968,11.0,0.0
623,hospital,80.2159045,13.0331935,14.0,3.0
624,hospital,80.2013517,13.0379671,16.0,0.0
625,hospital,80.2394965,13.0339283,12.0,0.0
626,hospital,80.2044211,13.0400969,14.0,0.0
627,hospital,80.2001283,13.0012687,17.0,0.0
628,hospital,80.2127641,13.0473231,14.0,3.0
629,hospital,80.2517212,13.0323531,12.0,0.0
630,hospital,80.2381137,13.0374924,13.0,0.0
631,hospital,80.2217737,13.010217,13.0,0.0
632,hospital,80.2068955,12.9952982,11.0,0.0
633,hospital,80.2601581,12.9864526,10.0,0.0
634,hospital,80.2566481,13.0274616,13.0,0.0
635,hospital,80.1986745,12.9911179,10.0,2.0
636,hospital,80.2339764,13.0343985,13.0,0.0
637,hospital,80.2646568,13.0476871,11.0,0.0
638,hospital,80.2691898,12.995229,7.0,0.0
639,hospital,80.2222002,12.9762711,8.0,0.0
640,hospital,80.2519137,13.0349787,11.0,2.0
641,hospital,80.2618016,13.0407013,8.0,0.0
642,hospital,80.2541439,13.0268688,12.0,0.0
643,hospital,80.2520867,13.0022187,11.0,0.0
644,hospital,80.2279374,13.034051,11.0,0.0
645,hospital,80.217509,12.9832366,5.0,0.0
646,hospital,80.2422899,13.0465492,12.0,1.0
647,hospital,80.2469087,13.0027257,6.0,0.0
648,hospital,80.2218689,13.0314888,8.0,0.0
649,hospital,80.2200463,12.9743958,9.0,0.0
650,hospital,80.245015,13.0480981,12.0,2.0
652,hospital,80.2582785,13.0382607,11.0,0.0
653,hospital,80.2269866,13.0274436,7.0,0.0
654,hospital,80.2655232,13.026013,7.0,0.0
655,hospital,80.2558136,13.037303,14.0,0.0
656,hospital,80.2313016,13.0395483,14.0,0.0
657,hospital,80.2146873,13.0405732,13.0,0.0
658,hospital,80.2619625,13.0376198,13.0,0.0
659,hospital,80.2592924,13.0210394,9.0,0.0
661,hospital,80.2568208,13.0390564,9.0,0.0
662,hospital,80.258056,13.0331886,11.0,0.0
663,hospital,80.2636349,13.0435469,12.0,0.0
664,hospital,80.2623196,13.0269457,11.0,0.0
665,hospital,80.2622388,13.0222055,10.0,0.0
666,hospital,80.20008,12.9926586,11.0,0.0
667,hospital,80.2603345,12.9958562,11.0,0.0
668,hospital,80.2699743,13.0265892,11.0,0.0
669,hospital,80.2097064,13.0313072,12.0,1.0
670,hospital,80.2220044,13.0461063,13.0,0.0
671,hospital,80.2575208,13.0007709,10.0,0.0
672,hospital,80.2137016,13.0388943,14.0,3.0
673,hospital,80.2241461,13.0473239,12.0,4.0
674,hospital,80.2603599,12.996767,10.0,0.0
675,hospital,80.2079885,12.998194,9.0,0.0
676,hospital,80.2615173,13.0328516,13.0,0.0
677,hospital,80.1932403,13.0154215,15.0,0.0
678,hospital,80.2247932,12.9784706,9.0,0.0
679,hospital,80.2607878,13.0265108,6.0,0.0
680,hospital,80.2311185,13.0316469,10.0,0.0
681,hospital,80.2086724,13.0390564,13.0,0.0
682,hospital,80.2537027,12.9996223,12.0,0.0
683,hospital,80.2235084,13.0122123,14.0,0.0
684,hospital,80.2126005,13.0420391,15.0,2.0
685,hospital,80.2124181,13.0479576,13.0,3.0
686,hospital,80.2337551,13.0356881,15.0,0.0
687,hospital,80.2463347,13.0029165,4.0,0.0
688,hospital,80.2554783,12.9892035,9.0,0.0
689,hospital,80.2325615,13.0341895,14.0,0.0
690,hospital,80.2040416,13.0483992,14.0,1.0
691,hospital,80.2637114,13.0441485,12.0,0.0
692,hospital,80.2371521,13.0430125,14.0,4.0
693,hospital,80.2528444,12.9938673,11.0,0.0
694,hospital,80.2114016,12.9763914,2.0,0.0
695,hospital,80.2336198,13.0440365,14.0,5.0
696,hospital,80.2227634,13.0257935,12.0,0.0
698,hospital,80.2290894,13.0389519,12.0,0.0
699,hospital,80.2283525,13.0266147,13.0,0.0
700,hospital,80.2631588,13.0269877,10.0,0.0
701,hospital,80.2181782,12.9833895,6.0,0.0
702,hospital,80.2329075,13.0478465,18.0,4.0
704,hospital,80.2371645,13.0332775,13.0,0.0
705,hospital,80.2035199,13.0481888,17.0,0.0
706,hospital,80.2410582,13.0496502,10.0,0.0
707,hospital,80.2170509,13.037934,13.0,0.0
708,hospital,80.2069719,13.0475826,19.0,0.0
709,hospital,80.2576784,13.0346684,13.0,0.0
710,hospital,80.2187347,13.047269,13.0,0.0
711,hospital,80.2321847,13.0312145,13.0,0.0
712,hospital,80.2205016,12.9758647,5.0,0.0
713,hospital,80.2164307,13.0352086,14.0,0.0
714,hospital,80.2507684,13.0394065,10.0,0.0
715,hospital,80.2645898,13.0489087,11.0,1.0
716,hospital,80.2533312,12.991685,8.0,0.0
717,hospital,80.2650954,13.0476113,9.0,1.0
718,hospital,80.259169,13.0432085,12.0,0.0
719,hospital,80.2013205,13.0380111,16.0,0.0
720,hospital,80.2079107,13.0368,14.0,0.0
721,hospital,80.2042733,13.0475131,15.0,0.0
722,hospital,80.2636265,13.0290525,10.0,0.0
723,hospital,80.2446245,13.0297278,12.0,0.0
724,hospital,80.2540981,13.003026,12.0,0.0
725,hospital,80.2518544,13.0017764,11.0,1.0
726,hospital,80.2498239,13.0012776,9.0,0.0
727,hospital,80.2497784,13.0015495,9.0,0.0
728,hospital,80.2423799,13.0465056,12.0,1.0
729,hospital,80.2461174,13.0433937,9.0,2.0
730,hospital,80.2453103,13.0431134,12.0,3.0
731,hospital,80.2475507,13.044837,11.0,2.0
733,hospital,80.2645448,13.0487028,11.0,1.0
734,hospital,80.2329957,13.0480821,18.0,3.0
735,hospital,80.2246285,13.0348047,12.0,0.0
736,hospital,80.2419057,13.0340836,10.0,0.0
737,hospital,80.2099892,13.0319129,12.0,1.0
740,hospital,80.2511993,13.0312006,14.0,0.0
741,hospital,80.2562121,12.9979497,8.0,0.0
742,hospital,80.2389389,13.0374624,13.0,0.0
743,hospital,80.21204,13.03968,14.0,2.0
745,hospital,80.2465468,13.034922,12.0,2.0
746,hospital,80.2398192,13.0342203,14.0,0.0
747,hospital,80.2572398,13.038362,9.0,0.0
748,hospital,80.2261208,13.0298989,7.0,0.0
749,hospital,80.2025432,13.0048164,15.0,0.0
751,hospital,80.2040772,12.9771173,5.0,0.0
752,hospital,80.2543198,12.9753651,4.0,0.0
753,hospital,80.2604704,12.9728845,8.0,0.0
754,hospital,80.2590077,12.9757686,7.0,0.0
755,hospital,80.2594925,12.9752589,10.0,0.0
756,hospital,80.2555078,12.9753853,4.0,0.0
757,hospital,80.1937172,13.0087475,19.0,0.0
758,hospital,80.2030844,13.0036449,14.0,0.0
759,hospital,80.2033269,13.0017797,19.0,0.0
760,hospital,80.2582571,12.9751423,6.0,0.0
761,hospital,80.2595079,12.9726702,8.0,0.0
762,hospital,80.207025,13.0027883,12.0,0.0
763,hospital,80.2063632,13.003406,13.0,0.0
764,hospital,80.2539494,12.9829583,3.0,0.0
765,hospital,80.2638132,12.9962691,8.0,0.0
766,hospital,80.259708,13.0221852,7.0,0.0
767,hospital,80.2660055,12.9956385,11.0,0.0
768,hospital,80.2615046,12.9915347,10.0,0.0
769,hospital,80.258947,12.978253,10.0,0.0
770,hospital,80.2630762,12.9960029,10.0,0.0
771,hospital,80.2682429,12.9954269,9.0,0.0
772,hospital,80.2622141,12.9866722,9.0,0.0
773,hospital,80.2606156,13.0297211,11.0,0.0
774,hospital,80.2602795,13.0292453,11.0,0.0
775,hospital,80.2601508,12.9863661,10.0,0.0
776,hospital,80.2595179,12.9796957,8.0,0.0
777,hospital,80.267354,13.041251,10.0,0.0
778,hospital,80.2585613,12.985598,7.0,0.0
779,hospital,80.2637162,12.9963121,8.0,0.0
780,hospital,80.2658475,13.0375294,11.0,0.0
781,hospital,80.2685888,13.0397241,6.0,2.0
782,hospital,80.2641614,12.9962821,8.0,0.0
783,hospital,80.2694554,12.9940564,5.0,0.0
784,hospital,80.2629482,12.9949549,10.0,0.0
785,hospital,80.2584981,12.9790513,10.0,0.0
786,hospital,80.2664963,13.042349,10.0,0.0
787,hospital,80.2626006,12.9964001,10.0,0.0
788,hospital,80.2581929,13.0385371,9.0,0.0
789,hospital,80.260187,12.986383,10.0,0.0
790,hospital,80.2582848,12.9969555,11.0,0.0
791,hospital,80.2585578,12.9978588,11.0,0.0
792,hospital,80.2559655,12.9832651,8.0,0.0
793,hospital,80.2624479,12.9916719,8.0,0.0
794,hospital,80.2595716,13.0318707,11.0,0.0
795,hospital,80.2643211,12.9815891,10.0,0.0
796,hospital,80.2580026,13.034819,13.0,0.0
797,hospital,80.2668731,13.0454703,8.0,0.0
798,hospital,80.2661832,12.994316,10.0,0.0
799,hospital,80.2587762,12.9767853,11.0,0.0
800,hospital,80.258796,13.0013494,10.0,0.0
801,hospital,80.261741,12.982038,8.0,0.0
802,hospital,80.2612955,13.0373228,12.0,0.0
803,hospital,80.2642007,12.9964116,8.0,0.0
804,hospital,80.2543207,12.9827116,6.0,0.0
805,hospital,80.2638733,12.9812766,9.0,0.0
806,hospital,80.2619646,12.993602,8.0,0.0
807,hospital,80.2594242,12.9802929,7.0,0.0
808,hospital,80.2590444,12.9854883,7.0,0.0
809,hospital,80.2639406,13.0436591,12.0,0.0
810,hospital,80.2620778,13.0428357,12.0,0.0
811,hospital,80.2678508,13.0374881,9.0,0.0
812,hospital,80.2580809,12.9787624,11.0,0.0
813,hospital,80.2599586,12.9890173,9.0,0.0
814,hospital,80.2665,13.042006,10.0,0.0
815,hospital,80.2692643,12.9956803,7.0,1.0
826,hospital,80.2013389,13.0371216,16.0,0.0
827,hospital,80.1941708,13.0117736,14.0,0.0
828,hospital,80.2036274,13.0487242,14.0,0.0
829,hospital,80.212368,13.026029,10.0,0.0
830,hospital,80.2085925,13.0290009,13.0,0.0
831,hospital,80.2103124,13.0318828,12.0,3.0
832,hospital,80.2010012,13.0388056,17.0,0.0
833,hospital,80.2214698,12.9784544,9.0,0.0
834,hospital,80.2407095,13.0439323,12.0,2.0
835,hospital,80.2146876,13.040756,13.0,0.0
836,hospital,80.2576709,13.0061507,12.0,5.0
838,hospital,80.2504829,13.0064894,11.0,4.0
839,hospital,80.2307333,13.0149516,9.0,0.0
840,hospital,80.2343492,12.9810842,7.0,0.0
841,hospital,80.23971324235646,13.005423741555468,16.0,0.0
842,hospital,80.2550140153881,12.992365786747802,9.0,0.0
843,hospital,80.25722839103507,12.993136436432628,9.0,0.0
844,hospital,80.19503492100867,13.009599776032708,19.0,0.0
845,hospital,80.26210569154121,13.038622123721339,10.0,0.0
846,hospital,80.2077326604901,13.034145816687268,15.0,0.0
847,hospital,80.260117438234,12.970521203418047,9.0,0.0
848,hospital,80.25714214798788,13.039159362815834,9.0,0.0
849,hospital,80.2557206791782,13.046066015687826,12.0,1.0
850,hospital,80.25616105493572,13.044712227510148,12.0,0.0
851,hospital,80.2514708556224,13.00981830470426,11.0,0.0
852,hospital,80.23933228308425,13.013608850658313,13.0,0.0
853,hospital,80.25726460000001,13.0360972,13.0,0.0
854,hospital,80.25785644236153,13.038560955070364,9.0,0.0
855,hospital,80.2484455157888,13.0093603710438,6.0,0.0
856,hospital,80.2240527882356,13.020454124879333,12.0,0.0
857,hospital,80.25970596836886,13.017812237175029,9.0,0.0
858,hospital,80.25675277969896,13.027350890076782,10.0,0.0
859,hospital,80.2586027785889,13.01016235750304,5.0,0.0
860,hospital,80.22412465036713,13.020876041997715,11.0,0.0
861,hospital,80.24517412484859,13.033633073616427,12.0,0.0
862,hospital,80.2456430389277,13.033613451123916,12.0,0.0
863,hospital,80.24566401127906,13.033933814435851,12.0,0.0
864,hospital,80.25162712990058,12.994199743986208,11.0,0.0
865,hospital,80.22183689940134,13.036008142940537,13.0,0.0
866,hospital,80.2219670835995,13.036328609309757,13.0,0.0
867,hospital,80.2229124565786,13.02343574605346,12.0,0.0
868,hospital,80.2222779,13.022310950000003,13.0,0.0
869,hospital,80.2257670245286,13.021753142804819,12.0,0.0
870,hospital,80.22464681053904,13.041795222120427,13.0,0.0
871,hospital,80.20609151948183,13.007397169607296,11.0,0.0
872,hospital,80.22891302299634,12.985660434805663,10.0,0.0
873,hospital,80.21840862858265,12.985635887893332,8.0,0.0
874,hospital,80.22219002358257,12.976433906985353,8.0,0.0
875,hospital,80.2574761622855,12.997769431907043,7.0,0.0
876,hospital,80.25733968541715,12.984691887541526,10.0,0.0
877,hospital,80.19981640670983,13.000780116673097,20.0,0.0
878,hospital,80.20907258666935,13.035936341026694,12.0,0.0
879,hospital,80.24625658809782,13.003745138128425,5.0,0.0
